image_filename,description,score,rel_left_x,rel_right_x,rel_top_y,rel_bottom_y
1979.1140P.tif.jpg,Person,0.7397425,0.086612225,0.9310081,0.031645376,0.9316656
1979.1140P.tif.jpg,Outerwear,0.6133001,0.26430628,0.9030248,0.1569512,0.83101875
1979.1140P.tif.jpg,Clothing,0.58644634,0.109607734,0.928936,0.06095144,0.9136492
1979.1140P.tif.jpg,Luggage & bags,0.5370669,0.75118846,0.93071,0.67792517,0.8153662
